{"schemaVersion":"1.0","appDefinitionTemplate":{"id":"/providers/Microsoft.PowerApps/apps/","type":"Microsoft.PowerApps/apps","tags":{"primaryDeviceWidth":"640","primaryDeviceHeight":"1136","sienaVersion":"20200622T203540Z-3.20063.13.0","deviceCapabilities":"","supportsPortrait":"true","supportsLandscape":"false","primaryFormFactor":"Phone","publisherVersion":"3.20063.13","minimumRequiredApiVersion":"2.2.0","hasComponent":"false","hasNonOOBComponent":"false","hasUnlockedComponent":"false","isUnifiedRootApp":"false"},"properties":{"appVersion":"2020-06-22T20:35:40Z","lifeCycleId":"Published","createdByClientVersion":{"major":3,"minor":20063,"build":13,"revision":0,"majorRevision":0,"minorRevision":0},"minClientVersion":{"major":3,"minor":20063,"build":13,"revision":0,"majorRevision":0,"minorRevision":0},"backgroundColor":"rgba(208, 52, 56, 1)","backgroundImageUri":"/10183667469705917345/N720c573d-10ac-47c7-bb93-a626cb91121a-logoSmallFile","displayName":"OSDUWellQuery","description":"","commitMessage":"","appUris":{"documentUri":{"value":"/10183667469705917345/N3027dd22-015d-46b5-8e91-f66084a25f9e-document.msapp","readonlyValue":"/10183667469705917345/N3027dd22-015d-46b5-8e91-f66084a25f9e-document.msapp"},"imageUris":[]},"createdTime":"0001-01-01T00:00:00Z","lastModifiedTime":"0001-01-01T00:00:00Z","sharedGroupsCount":0,"sharedUsersCount":0,"icons":{"smallIconUri":"/10183667469705917345/N23164bd6-cfac-46b4-aef9-03135ab16d51-small.png","mediumIconUri":"/10183667469705917345/N5979a8de-8527-424c-b689-d00ae97f0fd6-medium.png","largeIconUri":"/10183667469705917345/N1ec6dcea-fa0d-4dc9-bdf4-724aa30e1487-large.png","wideIconUri":"/10183667469705917345/Ncfcd30ac-5c39-47a0-ab5e-e50796b3a3a8-wide.png"},"connectionReferences":{"ca70a9a3-767b-4147-9fee-e9a6212d367d":{"id":"44c16b51-4e8e-4ffc-ae1b-7242ebba3607","displayName":"Logic flows","iconUri":"https://resourcestackdeploy.blob.core.windows.net/scripts/13276078.png","dataSources":["PowerAppsbutton-3"],"dependencies":[],"dependents":[],"parameterHints":{"workflowName":{"value":"dbf5ff4d-8ddf-4d10-ad2f-f236ae0c84d5"}},"isOnPremiseConnection":false,"bypassConsent":false,"dataSets":{},"apiTier":"Standard","isCustomApiConnection":false},"b7eabcab-2f15-43a7-ac83-b1874adc4c72":{"id":"44c16b51-4e8e-4ffc-ae1b-7242ebba3607","displayName":"Logic flows","iconUri":"https://resourcestackdeploy.blob.core.windows.net/scripts/13276078.png","dataSources":["QueryWellsinOSDU"],"dependencies":[],"dependents":[],"parameterHints":{"workflowName":{"value":"d7e3f406-d36e-4b8f-9057-414b9fa4dd9d"}},"isOnPremiseConnection":false,"bypassConsent":false,"dataSets":{},"apiTier":"Standard","isCustomApiConnection":false},"780b289b-08fc-410b-8e58-b63074ed0331":{"id":"44c16b51-4e8e-4ffc-ae1b-7242ebba3607","displayName":"Logic flows","iconUri":"https://resourcestackdeploy.blob.core.windows.net/scripts/13276078.png","dataSources":["QueryWellsinOSDUR2"],"dependencies":["ca9835dd-d080-40fd-9f5d-5961460b81b7"],"dependents":[],"parameterHints":{"workflowName":{"value":"a50455d0-655f-4a33-9438-327fb3e4f7d9"},"ca9835dd-d080-40fd-9f5d-5961460b81b7":{"value":"shared_osdu-20r2-20connector-20-2d-201-5f4c1e90cbd0f5e-09cd35d486cf7de9"}},"isOnPremiseConnection":false,"bypassConsent":false,"dataSets":{},"apiTier":"Standard","isCustomApiConnection":false},"ca9835dd-d080-40fd-9f5d-5961460b81b7":{"id":"6f60c9d6-a27d-44ac-bd98-42a6923f4a6c","displayName":"OSDU R2 Connector - 1","iconUri":"https://prodapiicons.cdn.powerappscdn.net/20200622t000000z6b0afd6b725c4758bacdd15c556f9bc1/customconnectoricon.png","dataSources":[],"dependencies":[],"dependents":["780b289b-08fc-410b-8e58-b63074ed0331"],"parameterHints":{},"isOnPremiseConnection":false,"bypassConsent":false,"dataSets":{},"apiTier":"Standard","isCustomApiConnection":true}},"databaseReferences":{},"almMode":"Environment","performanceOptimizationEnabled":false,"canConsumeAppPass":true},"isAppComponentLibrary":false,"appType":"ClassicCanvasApp","appComponents":[]}}