{"name":"7c745fc2-613f-4532-83ea-efbbc665328f","id":"/providers/Microsoft.Flow/flows/7c745fc2-613f-4532-83ea-efbbc665328f","type":"Microsoft.Flow/flows","properties":{"apiId":"/providers/Microsoft.PowerApps/apis/shared_logicflows","displayName":"Query Wells in OSDU","definition":{"metadata":{"workflowEntityId":null,"creator":{"id":"aaf738d1-23c6-4a9c-9ff5-e08ca6228854","type":"User","tenantId":"72f988bf-86f1-41af-91ab-2d7cd011db47"},"provisioningMethod":"FromDefinition","failureAlertSubscription":true,"clientLastModifiedTime":"2020-04-28T03:16:44.672825Z"},"$schema":"https://schema.management.azure.com/providers/Microsoft.Logic/schemas/2016-06-01/workflowdefinition.json#","contentVersion":"1.0.0.0","parameters":{"$authentication":{"defaultValue":{},"type":"SecureObject"}},"triggers":{"manual":{"type":"Request","kind":"PowerApp","inputs":{"schema":{"type":"object","properties":{"Initializevariable_Value":{"type":"string","description":"Enter initial value. This parameter is used as part of \"6FDA9DAA-691D-4962-832C-29BD96884778\"","x-ms-powerflows-param-ispartial":true}},"required":["Initializevariable_Value"]}}}},"actions":{"Initialize_variable":{"runAfter":{},"type":"InitializeVariable","inputs":{"variables":[{"name":"query","type":"string","value":"{\n  \"fulltext\": \"*\",\n  \"aggregates_count\": 1,\n  \"start\": 0,\n  \"count\": 10000,\n  \"metadata\": {\n    \"WellUWI\": [\n      \"@{triggerBody()['Initializevariable_Value']}\"\n    ],\n  \"ResourceType\":[\n    \"master-data/Well\"\n  ]\n  }\n}"}]}},"HTTP":{"runAfter":{"Initialize_variable":["Succeeded"]},"type":"Http","inputs":{"method":"POST","uri":"https://osdu-demo-portal.azure-api.net/r1/indexSearch","body":"@variables('query')","authentication":{"type":"ActiveDirectoryOAuth","tenant":"610dfadc-e232-4f9d-978e-eb29b1baf036","audience":"api://2ec640ec-a53a-4cd7-991a-49ea2e2e2ee6","clientId":"2ec640ec-a53a-4cd7-991a-49ea2e2e2ee6","secret":"BXgxFHZ3ub4t.AAOQB34=V:WtWpQrsy@"}}},"Parse_JSON":{"runAfter":{"HTTP":["Succeeded"]},"type":"ParseJson","inputs":{"content":"@body('HTTP')","schema":{"type":"object","properties":{"results":{"type":"array","items":{"type":"object","properties":{"CountryID":{"type":"string"},"WellUWI":{"type":"string"},"WellCommonName":{"type":"string"},"WellboreTrajectoryCount":{"type":"integer"},"SpatialLocation":{"type":"array","items":{"type":"object","properties":{"HorizontalCRSID":{"type":"string"},"VerticalCRSID":{"type":"string"},"HeightAboveGroundLevelUOMID":{"type":"string"},"Coordinates":{"type":"array","items":{"type":"object","properties":{"x":{"type":"number"},"y":{"type":"number"}},"required":["x","y"]}},"SpatialGeometryTypeID":{"type":"string"}},"required":["HorizontalCRSID","VerticalCRSID","HeightAboveGroundLevelUOMID","Coordinates","SpatialGeometryTypeID"]}},"StateProvinceID":{"type":"string"},"WellLogSRN":{"type":"array"},"WpSRN":{"type":"string"},"DefaultVerticalMeasurementID":{"type":"string"},"SecurityClassification":{"type":"string"},"FacilityState":{"type":"array","items":{"type":"object","properties":{"FacilityStateTypeID":{"type":"string"}},"required":["FacilityStateTypeID"]}},"FacilityName":{"type":"string"},"SRN":{"type":"string"},"WellboreMarkerCount":{"type":"integer"},"CurrentOperator":{"type":"string"},"FacilityNameAlias":{"type":"array","items":{"type":"object","properties":{"AliasName":{"type":"string"},"AliasNameTypeID":{"type":"string"}},"required":["AliasName","AliasNameTypeID"]}},"VerticalMeasurements":{"type":"array","items":{"type":"object","properties":{"VerticalCRSID":{"type":"string"},"VerticalMeasurementID":{"type":"string"},"VerticalMeasurementPathID":{"type":"string"},"VerticalMeasurement":{"type":"number"},"VerticalMeasurementTypeID":{"type":"string"},"VerticalMeasurementUnitOfMeasureID":{"type":"string"}},"required":["VerticalCRSID","VerticalMeasurementID","VerticalMeasurementPathID","VerticalMeasurement","VerticalMeasurementTypeID","VerticalMeasurementUnitOfMeasureID"]}},"VerticalCrs":{"type":"string"},"DataSourceOrganisationID":{"type":"string"},"FulltextMetadata":{"type":"string"},"WellSRN":{"type":"string"},"id":{"type":"string"},"Files":{"type":"array","items":{"type":"object","properties":{"FileSource":{"type":"string"},"PreLoadFilePath":{"type":"string"},"ResourceTypeID":{"type":"string"},"ResourceSecurityClassification":{"type":"string"},"Filename":{"type":"string"},"ResourceType":{"type":"string"},"SecurityClassification":{"type":"string"},"SRN":{"type":"string"},"FileSize":{"type":"integer"}},"required":["FileSource","PreLoadFilePath","ResourceTypeID","ResourceSecurityClassification","Filename","ResourceType","SecurityClassification","SRN","FileSize"]}},"SpudDate":{"type":"string"},"CommonName":{"type":"string"},"QuadrantID":{"type":"string"},"Datum":{"type":"string"},"UWI":{"type":"string"},"Markers":{"type":"array","items":{"type":"string"}},"FacilityEvent":{"type":"array","items":{"type":"object","properties":{"EffectiveDateTime":{"type":"string"},"FacilityEventTypeID":{"type":"string"}},"required":["EffectiveDateTime","FacilityEventTypeID"]}},"ResourceType":{"type":"string"},"WellboreCount":{"type":"integer"},"FacilityOperator":{"type":"array","items":{"type":"object","properties":{"FacilityOperatorOrganisationID":{"type":"string"}},"required":["FacilityOperatorOrganisationID"]}},"WorkflowID":{"type":"string"},"WellboreTrajectorySRN":{"type":"array","items":{"type":"string"}},"WellLogCount":{"type":"integer"},"OperatingEnvironmentID":{"type":"string"},"WellboreSRN":{"type":"array","items":{"type":"string"}},"GeoCentroid":{"type":"array","items":{"type":"array","items":{"type":"number"}}},"State":{"type":"string"},"WellboreMarkerSRN":{"type":"array","items":{"type":"string"}},"Country":{"type":"string"},"GeoLocation":{"type":"object","properties":{"coordinates":{"type":"array","items":{"type":"number"}},"type":{"type":"string"}}},"Curves":{"type":"array"}},"required":["CountryID","WellUWI","WellCommonName","WellboreTrajectoryCount","SpatialLocation","StateProvinceID","WellLogSRN","WpSRN","DefaultVerticalMeasurementID","SecurityClassification","FacilityState","FacilityName","SRN","WellboreMarkerCount","CurrentOperator","FacilityNameAlias","VerticalMeasurements","VerticalCrs","DataSourceOrganisationID","FulltextMetadata","WellSRN","id","Files","SpudDate","CommonName","QuadrantID","Datum","UWI","Markers","FacilityEvent","ResourceType","WellboreCount","FacilityOperator","WorkflowID","WellboreTrajectorySRN","WellLogCount","OperatingEnvironmentID","WellboreSRN","GeoCentroid","State","WellboreMarkerSRN","Country","GeoLocation","Curves"]}},"total_hits":{"type":"integer"},"facets":{"type":"object","properties":{}},"start":{"type":"integer"},"count":{"type":"integer"}}}}},"Select":{"runAfter":{"Parse_JSON":["Succeeded"]},"type":"Select","inputs":{"from":"@body('Parse_JSON')?['results']","select":{"Well Name":"@item()?['CommonName']","UWI":"@item()?['UWI']","Spud Date":"@item()?['SpudDate']","Longitude":"@item()?['GeoLocation']?['coordinates']?[0]","Latitude":"@item()?['GeoLocation']?['coordinates']?[1]"}}},"Response":{"runAfter":{"Select":["Succeeded"]},"type":"Response","kind":"Http","inputs":{"statusCode":200,"body":"@body('Select')","schema":{"type":"array","items":{"type":"object","properties":{"Well Name":{"type":"string"},"UWI":{"type":"string"},"Spud Date":{"type":"string"},"Longitude":{"type":"number"},"Latitude":{"type":"number"}},"required":["Well Name","UWI","Spud Date","Longitude","Latitude"]}}}}},"outputs":{},"description":"Create one or more actions to happen when a button or link in PowerApps is selected. To use this flow from a PowerApp, select the control you want to trigger the flow and go to the Action tab in the PowerApps ribbon and select Flows."},"connectionReferences":{},"flowFailureAlertSubscribed":false}}