{"name":"1a1678a3-5ebe-466e-a90b-f4a450225826","id":"/providers/Microsoft.Flow/flows/1a1678a3-5ebe-466e-a90b-f4a450225826","type":"Microsoft.Flow/flows","properties":{"apiId":"/providers/Microsoft.PowerApps/apis/shared_logicflows","displayName":"Get Well Information","definition":{"metadata":{"workflowEntityId":null,"creator":{"id":"aaf738d1-23c6-4a9c-9ff5-e08ca6228854","type":"User","tenantId":"72f988bf-86f1-41af-91ab-2d7cd011db47"},"provisioningMethod":"FromDefinition","failureAlertSubscription":true,"clientLastModifiedTime":"2019-12-20T16:59:11.007468Z"},"$schema":"https://schema.management.azure.com/providers/Microsoft.Logic/schemas/2016-06-01/workflowdefinition.json#","contentVersion":"1.0.0.0","parameters":{"$authentication":{"defaultValue":{},"type":"SecureObject"}},"triggers":{"manual":{"type":"Request","kind":"PowerApp","inputs":{"schema":{"type":"object","properties":{"Initializevariable_Value":{"type":"string","description":"Enter initial value. This parameter is used as part of \"519B4B36-BC60-4428-97E4-5F329D1070DE\"","x-ms-powerflows-param-ispartial":true}},"required":["Initializevariable_Value"]}}}},"actions":{"Initialize_variable":{"runAfter":{},"type":"InitializeVariable","inputs":{"variables":[{"name":"query","type":"String","value":"{\n\t\"fulltext\": \"*\",\n\t\"aggregates_count\": 1000,\n\t\"start\": 0,\n\t\"count\": 2,\n\t\"metadata\": {\n\t\t\"srn\": [\n\t\t\"srn:master-data/Well:@{triggerBody()['Initializevariable_Value']}:\"\n\t\t]\n\t},\n\t\"facets\": [\n\t\t\"resource_type\"\n\t],\n\t\"full_results\": true\n}"}]}},"HTTP":{"runAfter":{"Initialize_variable":["Succeeded"]},"type":"Http","inputs":{"method":"POST","uri":"https://osdu-demo-portal.azure-api.net/indexSearch","body":"@variables('query')","authentication":{"type":"ActiveDirectoryOAuth","tenant":"610dfadc-e232-4f9d-978e-eb29b1baf036","audience":"api://f5468b4d-c064-491b-a2c8-3da3830a8f94","clientId":"f5468b4d-c064-491b-a2c8-3da3830a8f94","secret":"auV0gfSBg]0=]+YTpWG4VOWkRQSqJCy2"}}},"Parse_JSON":{"runAfter":{"HTTP":["Succeeded"]},"type":"ParseJson","inputs":{"content":"@body('HTTP')","schema":{"type":"object","properties":{"results":{"type":"array","items":{"type":"object","properties":{"country":{"type":"string"},"geo_location":{"type":"object","properties":{"coordinates":{"type":"array","items":{"type":"number"}},"type":{"type":"string"}}},"data":{"type":"string"},"geo_centroid":{"type":"array","items":{"type":"array","items":{"type":"number"}}},"well_bore_srn":{"type":"array","items":{"type":"string"}},"well_common_name":{"type":"string"},"resource_type":{"type":"string"},"spud_date":{"type":"string"},"srn":{"type":"string"},"wp_srn":{"type":"string"},"current_operator":{"type":"string"},"well_srn":{"type":"string"},"wellbore_marker_srn":{"type":"array"},"well_log_srn":{"type":"array"},"files":{"type":"array","items":{"type":"object","properties":{"filename":{"type":"string"},"srn":{"type":"string"}},"required":["filename","srn"]}},"well_bore_marker_count":{"type":"integer"},"well_log_count":{"type":"integer"},"markers":{"type":"array"},"well_uwi":{"type":"string"},"well_bore_count":{"type":"integer"}},"required":["country","geo_location","data","geo_centroid","well_bore_srn","well_common_name","resource_type","spud_date","srn","wp_srn","current_operator","well_srn","wellbore_marker_srn","well_log_srn","files","well_bore_marker_count","well_log_count","markers","well_uwi","well_bore_count"]}},"total_hits":{"type":"integer"},"facets":{"type":"object","properties":{"resource_type":{"type":"array","items":{"type":"object","properties":{"key":{"type":"string"},"doc_count":{"type":"integer"}},"required":["key","doc_count"]}}}},"start":{"type":"integer"},"count":{"type":"integer"}}}}},"Select":{"runAfter":{"Parse_JSON":["Succeeded"]},"type":"Select","inputs":{"from":"@body('Parse_JSON')?['results']","select":{"Well Name":"@item()?['well_common_name']","UWI":"@item()?['well_uwi']","Spud Date":"@item()?['spud_date']","Longitude":"@item()?['geo_location']?['coordinates']?[0]","Latitude":"@item()?['geo_location']?['coordinates']?[1]"}}},"Response":{"runAfter":{"Select":["Succeeded"]},"type":"Response","kind":"Http","inputs":{"statusCode":200,"body":"@body('Select')","schema":{"type":"array","items":{"type":"object","properties":{"Well Name":{"type":"string"},"UWI":{"type":"string"},"Spud Date":{"type":"string"},"Longitude":{"type":"number"},"Latitude":{"type":"number"}},"required":["Well Name","UWI","Spud Date","Longitude","Latitude"]}}}}},"outputs":{},"description":"A sample demo app to get the well information given the Well Id."},"connectionReferences":{},"flowFailureAlertSubscribed":false}}