{"name":"98ca906b-1816-48c8-8c6d-8646ad86bc44","id":"/providers/Microsoft.Flow/flows/98ca906b-1816-48c8-8c6d-8646ad86bc44","type":"Microsoft.Flow/flows","properties":{"apiId":"/providers/Microsoft.PowerApps/apis/shared_logicflows","displayName":"Query Wells in OSDU R2","definition":{"metadata":{"workflowEntityId":null,"creator":{"id":"aaf738d1-23c6-4a9c-9ff5-e08ca6228854","type":"User","tenantId":"72f988bf-86f1-41af-91ab-2d7cd011db47"},"provisioningMethod":"FromDefinition","failureAlertSubscription":true,"clientLastModifiedTime":"2020-06-22T20:32:34.0543682Z"},"$schema":"https://schema.management.azure.com/providers/Microsoft.Logic/schemas/2016-06-01/workflowdefinition.json#","contentVersion":"1.0.0.0","parameters":{"$connections":{"defaultValue":{},"type":"Object"},"$authentication":{"defaultValue":{},"type":"SecureObject"}},"triggers":{"manual":{"type":"Request","kind":"PowerApp","inputs":{"schema":{"type":"object","properties":{"Initializevariable_Value":{"type":"string","description":"Enter initial value. This parameter is used as part of \"A1815CC7-EAC6-49E9-B892-C00EA1C65B20\"","x-ms-powerflows-param-ispartial":true}},"required":["Initializevariable_Value"]}}}},"actions":{"Initialize_variable":{"runAfter":{},"type":"InitializeVariable","inputs":{"variables":[{"name":"query","type":"string","value":"data.UWI:@{triggerBody()['Initializevariable_Value']}"}]}},"Parse_JSON":{"runAfter":{"Fulltext_Search_-_OSDU_R2":["Succeeded"]},"type":"ParseJson","inputs":{"content":"@outputs('Fulltext_Search_-_OSDU_R2')?['body']","schema":{"type":"object","properties":{"results":{"type":"array","items":{"type":"object","properties":{"data":{"type":"object","properties":{"Data.IndividualTypeProperties.DataSourceOrganisationID":{"type":"string"},"SpatialLocation":{"type":"array","items":{"type":"string"}},"Data.IndividualTypeProperties.FacilityName":{"type":"string"},"WellName":{"type":"string"},"Data.IndividualTypeProperties.CountryID":{"type":"string"},"UWI":{"type":"string"},"Data.IndividualTypeProperties.OperatingEnvironmentID":{"type":"string"},"Data.IndividualTypeProperties.StateProvinceID":{"type":"string"},"FacilityEvent":{"type":"array","items":{"type":"string"}},"ResourceID":{"type":"string"},"Data.IndividualTypeProperties.DefaultVerticalMeasurementID":{"type":"string"},"x-geojson":{"type":"object","properties":{"geometries":{"type":"array","items":{"type":"object","properties":{"coordinates":{"type":"array","items":{"type":"number"}},"type":{"type":"string"}},"required":["coordinates","type"]}},"type":{"type":"string"}}},"ResourceSecurityClassification":{"type":"string"},"ResourceTypeID":{"type":"string"},"GeoLocation":{"type":"object","properties":{"lon":{"type":"number"},"lat":{"type":"number"}}},"SpudDate":{"type":"string"},"Data.IndividualTypeProperties.QuadrantID":{"type":"string"}}},"kind":{"type":"string"},"namespace":{"type":"string"},"legal":{"type":"object","properties":{"legaltags":{"type":"array","items":{"type":"string"}},"otherRelevantDataCountries":{"type":"array","items":{"type":"string"}},"status":{"type":"string"}}},"id":{"type":"string"},"acl":{"type":"object","properties":{"viewers":{"type":"array","items":{"type":"string"}},"owners":{"type":"array","items":{"type":"string"}}}},"type":{"type":"string"},"version":{"type":"integer"}},"required":["data","kind","namespace","legal","id","acl","type","version"]}},"totalCount":{"type":"integer"}}}}},"Select":{"runAfter":{"Parse_JSON":["Succeeded"]},"type":"Select","inputs":{"from":"@body('Parse_JSON')?['results']","select":{"Well Name":"@item()?['data']?['Data.IndividualTypeProperties.FacilityName']","UWI":"@item()?['data']?['UWI']","Spud Date":"@item()?['data']?['SpudDate']","Longitude":"@item()?['data']?['GeoLocation']?['lon']","Latitude":"@item()?['data']?['GeoLocation']?['lat']"}}},"Response":{"runAfter":{"Select":["Succeeded"]},"type":"Response","kind":"Http","inputs":{"statusCode":200,"body":"@body('Select')","schema":{"type":"array","items":{"type":"object","properties":{"Well Name":{"type":"string"},"UWI":{"type":"string"},"Spud Date":{"type":"string"},"Longitude":{"type":"number"},"Latitude":{"type":"number"}},"required":["Well Name","UWI","Spud Date","Longitude","Latitude"]}}}},"Fulltext_Search_-_OSDU_R2":{"runAfter":{"Initialize_variable_2":["Succeeded"]},"type":"OpenApiConnection","inputs":{"host":{"apiId":"/providers/Microsoft.PowerApps/apis/shared_osdu-20r2-20connector-20-2d-201-5f4c1e90cbd0f5e-09cd35d486cf7de9","connectionName":"shared_osdu-20r2-20connector-20-2d-201-5f4c1e90cbd0f5e-09cd35d486cf7de9","operationId":"OSDUR2_FulltextSearch"},"parameters":{"data-partition-id":"opendes","Content-Type":"application/json","body/kind":"@variables('kind')","body/query":"@variables('query')"},"authentication":{"value":"@json(decodeBase64(triggerOutputs().headers['X-MS-APIM-Tokens']))['$ConnectionKey']","type":"Raw"}}},"Initialize_variable_2":{"runAfter":{"Initialize_variable":["Succeeded"]},"type":"InitializeVariable","inputs":{"variables":[{"name":"kind","type":"string","value":"opendes:osdu:well-master:0.2.1"}]}}},"outputs":{},"description":"Create one or more actions to happen when a button or link in PowerApps is selected. To use this flow from a PowerApp, select the control you want to trigger the flow and go to the Action tab in the PowerApps ribbon and select Flows."},"connectionReferences":{"shared_osdu-20r2-20connector-20-2d-201-5f4c1e90cbd0f5e-09cd35d486cf7de9":{"connectionName":"shared-osdu-20r2-20c-84f7541a-e47b-4aae-8357-b512ee1360b7","source":"Invoker","id":"/providers/Microsoft.PowerApps/apis/shared_osdu-20r2-20connector-20-2d-201-5f4c1e90cbd0f5e-09cd35d486cf7de9","tier":"NotSpecified"}},"flowFailureAlertSubscribed":false}}